Zip Code,Confirmed COVID-19 Cases,Confirmed COVID-19 Deaths,Date,Source URL
53142,73,9,2020-04-30,http://www.dph.illinois.gov/covid19/covid19-statistics
53143,43,6,2020-04-30,http://www.dph.illinois.gov/covid19/covid19-statistics
60002,356,47,2020-04-30,http://www.dph.illinois.gov/covid19/covid19-statistics
60004,1396,113,2020-04-30,http://www.dph.illinois.gov/covid19/covid19-statistics
60005,397,66,2020-04-30,http://www.dph.illinois.gov/covid19/covid19-statistics
60007,459,94,2020-04-30,http://www.dph.illinois.gov/covid19/covid19-statistics
60008,332,100,2020-04-30,http://www.dph.illinois.gov/covid19/covid19-statistics
60010,381,40,2020-04-30,http://www.dph.illinois.gov/covid19/covid19-statistics
60012,128,47,2020-04-30,http://www.dph.illinois.gov/covid19/covid19-statistics
60013,211,39,2020-04-30,http://www.dph.illinois.gov/covid19/covid19-statistics
60014,518,70,2020-04-30,http://www.dph.illinois.gov/covid19/covid19-statistics
60015,563,95,2020-04-30,http://www.dph.illinois.gov/covid19/covid19-statistics
60016,1537,519,2020-04-30,http://www.dph.illinois.gov/covid19/covid19-statistics
60018,703,220,2020-04-30,http://www.dph.illinois.gov/covid19/covid19-statistics
60020,129,13,2020-04-30,http://www.dph.illinois.gov/covid19/covid19-statistics
60021,66,9,2020-04-30,http://www.dph.illinois.gov/covid19/covid19-statistics
60022,173,21,2020-04-30,http://www.dph.illinois.gov/covid19/covid19-statistics
60025,962,183,2020-04-30,http://www.dph.illinois.gov/covid19/covid19-statistics
60026,323,82,2020-04-30,http://www.dph.illinois.gov/covid19/covid19-statistics
60030,476,65,2020-04-30,http://www.dph.illinois.gov/covid19/covid19-statistics
60031,625,128,2020-04-30,http://www.dph.illinois.gov/covid19/covid19-statistics
60033,181,49,2020-04-30,http://www.dph.illinois.gov/covid19/covid19-statistics
60035,737,142,2020-04-30,http://www.dph.illinois.gov/covid19/covid19-statistics
60040,111,38,2020-04-30,http://www.dph.illinois.gov/covid19/covid19-statistics
60041,107,18,2020-04-30,http://www.dph.illinois.gov/covid19/covid19-statistics
60042,74,10,2020-04-30,http://www.dph.illinois.gov/covid19/covid19-statistics
60043,89,14,2020-04-30,http://www.dph.illinois.gov/covid19/covid19-statistics
60044,234,49,2020-04-30,http://www.dph.illinois.gov/covid19/covid19-statistics
60045,422,85,2020-04-30,http://www.dph.illinois.gov/covid19/covid19-statistics
60046,463,79,2020-04-30,http://www.dph.illinois.gov/covid19/covid19-statistics
60047,371,71,2020-04-30,http://www.dph.illinois.gov/covid19/covid19-statistics
60048,356,56,2020-04-30,http://www.dph.illinois.gov/covid19/covid19-statistics
60050,387,87,2020-04-30,http://www.dph.illinois.gov/covid19/covid19-statistics
60051,270,36,2020-04-30,http://www.dph.illinois.gov/covid19/covid19-statistics
60053,599,141,2020-04-30,http://www.dph.illinois.gov/covid19/covid19-statistics
60056,977,246,2020-04-30,http://www.dph.illinois.gov/covid19/covid19-statistics
60060,506,142,2020-04-30,http://www.dph.illinois.gov/covid19/covid19-statistics
60061,345,77,2020-04-30,http://www.dph.illinois.gov/covid19/covid19-statistics
60062,1019,152,2020-04-30,http://www.dph.illinois.gov/covid19/covid19-statistics
60064,510,265,2020-04-30,http://www.dph.illinois.gov/covid19/covid19-statistics
60067,463,56,2020-04-30,http://www.dph.illinois.gov/covid19/covid19-statistics
60068,713,155,2020-04-30,http://www.dph.illinois.gov/covid19/covid19-statistics
60069,166,31,2020-04-30,http://www.dph.illinois.gov/covid19/covid19-statistics
60070,288,76,2020-04-30,http://www.dph.illinois.gov/covid19/covid19-statistics
60071,42,6,2020-04-30,http://www.dph.illinois.gov/covid19/covid19-statistics
60073,841,237,2020-04-30,http://www.dph.illinois.gov/covid19/covid19-statistics
60074,501,124,2020-04-30,http://www.dph.illinois.gov/covid19/covid19-statistics
60076,1154,250,2020-04-30,http://www.dph.illinois.gov/covid19/covid19-statistics
60077,906,202,2020-04-30,http://www.dph.illinois.gov/covid19/covid19-statistics
60081,100,22,2020-04-30,http://www.dph.illinois.gov/covid19/covid19-statistics
60083,157,43,2020-04-30,http://www.dph.illinois.gov/covid19/covid19-statistics
60084,176,83,2020-04-30,http://www.dph.illinois.gov/covid19/covid19-statistics
60085,1836,987,2020-04-30,http://www.dph.illinois.gov/covid19/covid19-statistics
60087,583,255,2020-04-30,http://www.dph.illinois.gov/covid19/covid19-statistics
60088,60,25,2020-04-30,http://www.dph.illinois.gov/covid19/covid19-statistics
60089,539,107,2020-04-30,http://www.dph.illinois.gov/covid19/covid19-statistics
60090,766,222,2020-04-30,http://www.dph.illinois.gov/covid19/covid19-statistics
60091,630,97,2020-04-30,http://www.dph.illinois.gov/covid19/covid19-statistics
60093,512,96,2020-04-30,http://www.dph.illinois.gov/covid19/covid19-statistics
60096,90,16,2020-04-30,http://www.dph.illinois.gov/covid19/covid19-statistics
60097,139,19,2020-04-30,http://www.dph.illinois.gov/covid19/covid19-statistics
60098,441,131,2020-04-30,http://www.dph.illinois.gov/covid19/covid19-statistics
60099,588,229,2020-04-30,http://www.dph.illinois.gov/covid19/covid19-statistics
60101,794,272,2020-04-30,http://www.dph.illinois.gov/covid19/covid19-statistics
60102,291,44,2020-04-30,http://www.dph.illinois.gov/covid19/covid19-statistics
60103,490,83,2020-04-30,http://www.dph.illinois.gov/covid19/covid19-statistics
60104,686,218,2020-04-30,http://www.dph.illinois.gov/covid19/covid19-statistics
60106,752,212,2020-04-30,http://www.dph.illinois.gov/covid19/covid19-statistics
60107,605,179,2020-04-30,http://www.dph.illinois.gov/covid19/covid19-statistics
60108,525,91,2020-04-30,http://www.dph.illinois.gov/covid19/covid19-statistics
60110,389,140,2020-04-30,http://www.dph.illinois.gov/covid19/covid19-statistics
60112,49,12,2020-04-30,http://www.dph.illinois.gov/covid19/covid19-statistics
60115,378,39,2020-04-30,http://www.dph.illinois.gov/covid19/covid19-statistics
60118,132,23,2020-04-30,http://www.dph.illinois.gov/covid19/covid19-statistics
60119,116,12,2020-04-30,http://www.dph.illinois.gov/covid19/covid19-statistics
60120,557,215,2020-04-30,http://www.dph.illinois.gov/covid19/covid19-statistics
60123,556,156,2020-04-30,http://www.dph.illinois.gov/covid19/covid19-statistics
60124,188,21,2020-04-30,http://www.dph.illinois.gov/covid19/covid19-statistics
60126,777,131,2020-04-30,http://www.dph.illinois.gov/covid19/covid19-statistics
60130,428,61,2020-04-30,http://www.dph.illinois.gov/covid19/covid19-statistics
60131,509,127,2020-04-30,http://www.dph.illinois.gov/covid19/covid19-statistics
60133,617,219,2020-04-30,http://www.dph.illinois.gov/covid19/covid19-statistics
60134,289,72,2020-04-30,http://www.dph.illinois.gov/covid19/covid19-statistics
60135,69,6,2020-04-30,http://www.dph.illinois.gov/covid19/covid19-statistics
60136,87,20,2020-04-30,http://www.dph.illinois.gov/covid19/covid19-statistics
60137,443,60,2020-04-30,http://www.dph.illinois.gov/covid19/covid19-statistics
60139,674,207,2020-04-30,http://www.dph.illinois.gov/covid19/covid19-statistics
60140,207,26,2020-04-30,http://www.dph.illinois.gov/covid19/covid19-statistics
60141,134,6,2020-04-30,http://www.dph.illinois.gov/covid19/covid19-statistics
60142,277,33,2020-04-30,http://www.dph.illinois.gov/covid19/covid19-statistics
60143,186,49,2020-04-30,http://www.dph.illinois.gov/covid19/covid19-statistics
60148,720,130,2020-04-30,http://www.dph.illinois.gov/covid19/covid19-statistics
60152,133,21,2020-04-30,http://www.dph.illinois.gov/covid19/covid19-statistics
60153,792,209,2020-04-30,http://www.dph.illinois.gov/covid19/covid19-statistics
60154,524,101,2020-04-30,http://www.dph.illinois.gov/covid19/covid19-statistics
60155,281,88,2020-04-30,http://www.dph.illinois.gov/covid19/covid19-statistics
60156,292,43,2020-04-30,http://www.dph.illinois.gov/covid19/covid19-statistics
60160,760,231,2020-04-30,http://www.dph.illinois.gov/covid19/covid19-statistics
60162,275,79,2020-04-30,http://www.dph.illinois.gov/covid19/covid19-statistics
60163,135,33,2020-04-30,http://www.dph.illinois.gov/covid19/covid19-statistics
60164,844,188,2020-04-30,http://www.dph.illinois.gov/covid19/covid19-statistics
60165,138,60,2020-04-30,http://www.dph.illinois.gov/covid19/covid19-statistics
60169,448,121,2020-04-30,http://www.dph.illinois.gov/covid19/covid19-statistics
60171,268,51,2020-04-30,http://www.dph.illinois.gov/covid19/covid19-statistics
60172,273,56,2020-04-30,http://www.dph.illinois.gov/covid19/covid19-statistics
60173,130,20,2020-04-30,http://www.dph.illinois.gov/covid19/covid19-statistics
60174,398,44,2020-04-30,http://www.dph.illinois.gov/covid19/covid19-statistics
60175,286,29,2020-04-30,http://www.dph.illinois.gov/covid19/covid19-statistics
60176,243,51,2020-04-30,http://www.dph.illinois.gov/covid19/covid19-statistics
60177,266,49,2020-04-30,http://www.dph.illinois.gov/covid19/covid19-statistics
60178,189,14,2020-04-30,http://www.dph.illinois.gov/covid19/covid19-statistics
60181,467,100,2020-04-30,http://www.dph.illinois.gov/covid19/covid19-statistics
60185,597,175,2020-04-30,http://www.dph.illinois.gov/covid19/covid19-statistics
60187,373,42,2020-04-30,http://www.dph.illinois.gov/covid19/covid19-statistics
60188,687,195,2020-04-30,http://www.dph.illinois.gov/covid19/covid19-statistics
60189,337,47,2020-04-30,http://www.dph.illinois.gov/covid19/covid19-statistics
60190,242,12,2020-04-30,http://www.dph.illinois.gov/covid19/covid19-statistics
60191,251,56,2020-04-30,http://www.dph.illinois.gov/covid19/covid19-statistics
60192,168,21,2020-04-30,http://www.dph.illinois.gov/covid19/covid19-statistics
60193,473,93,2020-04-30,http://www.dph.illinois.gov/covid19/covid19-statistics
60194,259,50,2020-04-30,http://www.dph.illinois.gov/covid19/covid19-statistics
60195,40,6,2020-04-30,http://www.dph.illinois.gov/covid19/covid19-statistics
60201,1175,174,2020-04-30,http://www.dph.illinois.gov/covid19/covid19-statistics
60202,997,161,2020-04-30,http://www.dph.illinois.gov/covid19/covid19-statistics
60203,114,17,2020-04-30,http://www.dph.illinois.gov/covid19/covid19-statistics
60301,77,14,2020-04-30,http://www.dph.illinois.gov/covid19/covid19-statistics
60302,797,114,2020-04-30,http://www.dph.illinois.gov/covid19/covid19-statistics
60304,388,46,2020-04-30,http://www.dph.illinois.gov/covid19/covid19-statistics
60305,235,28,2020-04-30,http://www.dph.illinois.gov/covid19/covid19-statistics
60401,169,28,2020-04-30,http://www.dph.illinois.gov/covid19/covid19-statistics
60402,1913,521,2020-04-30,http://www.dph.illinois.gov/covid19/covid19-statistics
60403,484,73,2020-04-30,http://www.dph.illinois.gov/covid19/covid19-statistics
60404,383,51,2020-04-30,http://www.dph.illinois.gov/covid19/covid19-statistics
60406,681,172,2020-04-30,http://www.dph.illinois.gov/covid19/covid19-statistics
60408,77,7,2020-04-30,http://www.dph.illinois.gov/covid19/covid19-statistics
60409,1214,285,2020-04-30,http://www.dph.illinois.gov/covid19/covid19-statistics
60410,202,18,2020-04-30,http://www.dph.illinois.gov/covid19/covid19-statistics
60411,1987,460,2020-04-30,http://www.dph.illinois.gov/covid19/covid19-statistics
60415,343,105,2020-04-30,http://www.dph.illinois.gov/covid19/covid19-statistics
60417,401,83,2020-04-30,http://www.dph.illinois.gov/covid19/covid19-statistics
60418,214,51,2020-04-30,http://www.dph.illinois.gov/covid19/covid19-statistics
60419,866,203,2020-04-30,http://www.dph.illinois.gov/covid19/covid19-statistics
60422,320,55,2020-04-30,http://www.dph.illinois.gov/covid19/covid19-statistics
60423,508,84,2020-04-30,http://www.dph.illinois.gov/covid19/covid19-statistics
60425,469,73,2020-04-30,http://www.dph.illinois.gov/covid19/covid19-statistics
60426,1045,238,2020-04-30,http://www.dph.illinois.gov/covid19/covid19-statistics
60428,588,124,2020-04-30,http://www.dph.illinois.gov/covid19/covid19-statistics
60429,783,135,2020-04-30,http://www.dph.illinois.gov/covid19/covid19-statistics
60430,650,155,2020-04-30,http://www.dph.illinois.gov/covid19/covid19-statistics
60431,624,96,2020-04-30,http://www.dph.illinois.gov/covid19/covid19-statistics
60432,439,101,2020-04-30,http://www.dph.illinois.gov/covid19/covid19-statistics
60433,386,105,2020-04-30,http://www.dph.illinois.gov/covid19/covid19-statistics
60434,68,132,2020-04-30,http://www.dph.illinois.gov/covid19/covid19-statistics
60435,1472,328,2020-04-30,http://www.dph.illinois.gov/covid19/covid19-statistics
60436,496,79,2020-04-30,http://www.dph.illinois.gov/covid19/covid19-statistics
60438,815,181,2020-04-30,http://www.dph.illinois.gov/covid19/covid19-statistics
60439,375,51,2020-04-30,http://www.dph.illinois.gov/covid19/covid19-statistics
60440,1401,315,2020-04-30,http://www.dph.illinois.gov/covid19/covid19-statistics
60441,587,109,2020-04-30,http://www.dph.illinois.gov/covid19/covid19-statistics
60442,155,23,2020-04-30,http://www.dph.illinois.gov/covid19/covid19-statistics
60443,925,213,2020-04-30,http://www.dph.illinois.gov/covid19/covid19-statistics
60445,396,74,2020-04-30,http://www.dph.illinois.gov/covid19/covid19-statistics
60446,951,195,2020-04-30,http://www.dph.illinois.gov/covid19/covid19-statistics
60447,247,18,2020-04-30,http://www.dph.illinois.gov/covid19/covid19-statistics
60448,352,75,2020-04-30,http://www.dph.illinois.gov/covid19/covid19-statistics
60449,275,45,2020-04-30,http://www.dph.illinois.gov/covid19/covid19-statistics
60450,200,16,2020-04-30,http://www.dph.illinois.gov/covid19/covid19-statistics
60451,444,53,2020-04-30,http://www.dph.illinois.gov/covid19/covid19-statistics
60452,519,92,2020-04-30,http://www.dph.illinois.gov/covid19/covid19-statistics
60453,1193,320,2020-04-30,http://www.dph.illinois.gov/covid19/covid19-statistics
60455,688,169,2020-04-30,http://www.dph.illinois.gov/covid19/covid19-statistics
60456,93,21,2020-04-30,http://www.dph.illinois.gov/covid19/covid19-statistics
60457,218,60,2020-04-30,http://www.dph.illinois.gov/covid19/covid19-statistics
60458,313,52,2020-04-30,http://www.dph.illinois.gov/covid19/covid19-statistics
60459,590,154,2020-04-30,http://www.dph.illinois.gov/covid19/covid19-statistics
60461,203,38,2020-04-30,http://www.dph.illinois.gov/covid19/covid19-statistics
60462,697,132,2020-04-30,http://www.dph.illinois.gov/covid19/covid19-statistics
60463,327,91,2020-04-30,http://www.dph.illinois.gov/covid19/covid19-statistics
60464,144,22,2020-04-30,http://www.dph.illinois.gov/covid19/covid19-statistics
60465,331,84,2020-04-30,http://www.dph.illinois.gov/covid19/covid19-statistics
60466,1183,333,2020-04-30,http://www.dph.illinois.gov/covid19/covid19-statistics
60467,434,93,2020-04-30,http://www.dph.illinois.gov/covid19/covid19-statistics
60468,68,15,2020-04-30,http://www.dph.illinois.gov/covid19/covid19-statistics
60469,137,32,2020-04-30,http://www.dph.illinois.gov/covid19/covid19-statistics
60471,573,133,2020-04-30,http://www.dph.illinois.gov/covid19/covid19-statistics
60472,220,41,2020-04-30,http://www.dph.illinois.gov/covid19/covid19-statistics
60473,924,228,2020-04-30,http://www.dph.illinois.gov/covid19/covid19-statistics
60475,234,46,2020-04-30,http://www.dph.illinois.gov/covid19/covid19-statistics
60476,64,13,2020-04-30,http://www.dph.illinois.gov/covid19/covid19-statistics
60477,680,113,2020-04-30,http://www.dph.illinois.gov/covid19/covid19-statistics
60478,900,188,2020-04-30,http://www.dph.illinois.gov/covid19/covid19-statistics
60480,113,17,2020-04-30,http://www.dph.illinois.gov/covid19/covid19-statistics
60481,154,14,2020-04-30,http://www.dph.illinois.gov/covid19/covid19-statistics
60482,202,31,2020-04-30,http://www.dph.illinois.gov/covid19/covid19-statistics
60484,260,62,2020-04-30,http://www.dph.illinois.gov/covid19/covid19-statistics
60487,431,70,2020-04-30,http://www.dph.illinois.gov/covid19/covid19-statistics
60490,480,79,2020-04-30,http://www.dph.illinois.gov/covid19/covid19-statistics
60491,378,79,2020-04-30,http://www.dph.illinois.gov/covid19/covid19-statistics
60501,288,89,2020-04-30,http://www.dph.illinois.gov/covid19/covid19-statistics
60502,234,32,2020-04-30,http://www.dph.illinois.gov/covid19/covid19-statistics
60503,141,21,2020-04-30,http://www.dph.illinois.gov/covid19/covid19-statistics
60504,439,92,2020-04-30,http://www.dph.illinois.gov/covid19/covid19-statistics
60505,795,384,2020-04-30,http://www.dph.illinois.gov/covid19/covid19-statistics
60506,1068,263,2020-04-30,http://www.dph.illinois.gov/covid19/covid19-statistics
60510,336,36,2020-04-30,http://www.dph.illinois.gov/covid19/covid19-statistics
60513,511,70,2020-04-30,http://www.dph.illinois.gov/covid19/covid19-statistics
60514,192,25,2020-04-30,http://www.dph.illinois.gov/covid19/covid19-statistics
60515,324,39,2020-04-30,http://www.dph.illinois.gov/covid19/covid19-statistics
60516,364,55,2020-04-30,http://www.dph.illinois.gov/covid19/covid19-statistics
60517,532,101,2020-04-30,http://www.dph.illinois.gov/covid19/covid19-statistics
60521,451,79,2020-04-30,http://www.dph.illinois.gov/covid19/covid19-statistics
60523,258,46,2020-04-30,http://www.dph.illinois.gov/covid19/covid19-statistics
60525,780,122,2020-04-30,http://www.dph.illinois.gov/covid19/covid19-statistics
60526,330,36,2020-04-30,http://www.dph.illinois.gov/covid19/covid19-statistics
60527,809,157,2020-04-30,http://www.dph.illinois.gov/covid19/covid19-statistics
60532,339,59,2020-04-30,http://www.dph.illinois.gov/covid19/covid19-statistics
60534,239,60,2020-04-30,http://www.dph.illinois.gov/covid19/covid19-statistics
60538,309,76,2020-04-30,http://www.dph.illinois.gov/covid19/covid19-statistics
60540,588,55,2020-04-30,http://www.dph.illinois.gov/covid19/covid19-statistics
60542,252,34,2020-04-30,http://www.dph.illinois.gov/covid19/covid19-statistics
60543,398,79,2020-04-30,http://www.dph.illinois.gov/covid19/covid19-statistics
60544,577,75,2020-04-30,http://www.dph.illinois.gov/covid19/covid19-statistics
60545,136,30,2020-04-30,http://www.dph.illinois.gov/covid19/covid19-statistics
60546,413,73,2020-04-30,http://www.dph.illinois.gov/covid19/covid19-statistics
60548,103,15,2020-04-30,http://www.dph.illinois.gov/covid19/covid19-statistics
60551,34,15,2020-04-30,http://www.dph.illinois.gov/covid19/covid19-statistics
60552,40,6,2020-04-30,http://www.dph.illinois.gov/covid19/covid19-statistics
60554,114,13,2020-04-30,http://www.dph.illinois.gov/covid19/covid19-statistics
60555,189,43,2020-04-30,http://www.dph.illinois.gov/covid19/covid19-statistics
60558,196,17,2020-04-30,http://www.dph.illinois.gov/covid19/covid19-statistics
60559,447,134,2020-04-30,http://www.dph.illinois.gov/covid19/covid19-statistics
60560,221,38,2020-04-30,http://www.dph.illinois.gov/covid19/covid19-statistics
60561,428,71,2020-04-30,http://www.dph.illinois.gov/covid19/covid19-statistics
60563,492,66,2020-04-30,http://www.dph.illinois.gov/covid19/covid19-statistics
60564,512,72,2020-04-30,http://www.dph.illinois.gov/covid19/covid19-statistics
60565,487,96,2020-04-30,http://www.dph.illinois.gov/covid19/covid19-statistics
60585,303,41,2020-04-30,http://www.dph.illinois.gov/covid19/covid19-statistics
60586,887,145,2020-04-30,http://www.dph.illinois.gov/covid19/covid19-statistics
60601,358,48,2020-04-30,http://www.dph.illinois.gov/covid19/covid19-statistics
60604,36,6,2020-04-30,http://www.dph.illinois.gov/covid19/covid19-statistics
60605,772,121,2020-04-30,http://www.dph.illinois.gov/covid19/covid19-statistics
60606,211,27,2020-04-30,http://www.dph.illinois.gov/covid19/covid19-statistics
60607,1075,240,2020-04-30,http://www.dph.illinois.gov/covid19/covid19-statistics
60608,2256,654,2020-04-30,http://www.dph.illinois.gov/covid19/covid19-statistics
60609,1713,629,2020-04-30,http://www.dph.illinois.gov/covid19/covid19-statistics
60610,952,141,2020-04-30,http://www.dph.illinois.gov/covid19/covid19-statistics
60611,961,93,2020-04-30,http://www.dph.illinois.gov/covid19/covid19-statistics
60612,1838,375,2020-04-30,http://www.dph.illinois.gov/covid19/covid19-statistics
60613,1053,229,2020-04-30,http://www.dph.illinois.gov/covid19/covid19-statistics
60614,1608,266,2020-04-30,http://www.dph.illinois.gov/covid19/covid19-statistics
60615,1389,236,2020-04-30,http://www.dph.illinois.gov/covid19/covid19-statistics
60616,1207,246,2020-04-30,http://www.dph.illinois.gov/covid19/covid19-statistics
60617,2355,496,2020-04-30,http://www.dph.illinois.gov/covid19/covid19-statistics
60618,2154,504,2020-04-30,http://www.dph.illinois.gov/covid19/covid19-statistics
60619,2270,568,2020-04-30,http://www.dph.illinois.gov/covid19/covid19-statistics
60620,2527,683,2020-04-30,http://www.dph.illinois.gov/covid19/covid19-statistics
60621,1021,293,2020-04-30,http://www.dph.illinois.gov/covid19/covid19-statistics
60622,1482,296,2020-04-30,http://www.dph.illinois.gov/covid19/covid19-statistics
60623,2581,1144,2020-04-30,http://www.dph.illinois.gov/covid19/covid19-statistics
60624,1415,414,2020-04-30,http://www.dph.illinois.gov/covid19/covid19-statistics
60625,1770,553,2020-04-30,http://www.dph.illinois.gov/covid19/covid19-statistics
60626,1635,494,2020-04-30,http://www.dph.illinois.gov/covid19/covid19-statistics
60628,2224,606,2020-04-30,http://www.dph.illinois.gov/covid19/covid19-statistics
60629,2771,1108,2020-04-30,http://www.dph.illinois.gov/covid19/covid19-statistics
60630,1511,318,2020-04-30,http://www.dph.illinois.gov/covid19/covid19-statistics
60631,1103,130,2020-04-30,http://www.dph.illinois.gov/covid19/covid19-statistics
60632,2360,1013,2020-04-30,http://www.dph.illinois.gov/covid19/covid19-statistics
60633,589,118,2020-04-30,http://www.dph.illinois.gov/covid19/covid19-statistics
60634,2947,593,2020-04-30,http://www.dph.illinois.gov/covid19/covid19-statistics
60636,985,360,2020-04-30,http://www.dph.illinois.gov/covid19/covid19-statistics
60637,1849,322,2020-04-30,http://www.dph.illinois.gov/covid19/covid19-statistics
60638,1957,472,2020-04-30,http://www.dph.illinois.gov/covid19/covid19-statistics
60639,2931,1150,2020-04-30,http://www.dph.illinois.gov/covid19/covid19-statistics
60640,1698,440,2020-04-30,http://www.dph.illinois.gov/covid19/covid19-statistics
60641,1901,511,2020-04-30,http://www.dph.illinois.gov/covid19/covid19-statistics
60642,513,68,2020-04-30,http://www.dph.illinois.gov/covid19/covid19-statistics
60643,1987,479,2020-04-30,http://www.dph.illinois.gov/covid19/covid19-statistics
60644,1787,584,2020-04-30,http://www.dph.illinois.gov/covid19/covid19-statistics
60645,1904,612,2020-04-30,http://www.dph.illinois.gov/covid19/covid19-statistics
60646,1114,191,2020-04-30,http://www.dph.illinois.gov/covid19/covid19-statistics
60647,2129,490,2020-04-30,http://www.dph.illinois.gov/covid19/covid19-statistics
60649,1813,455,2020-04-30,http://www.dph.illinois.gov/covid19/covid19-statistics
60651,1978,641,2020-04-30,http://www.dph.illinois.gov/covid19/covid19-statistics
60652,1216,362,2020-04-30,http://www.dph.illinois.gov/covid19/covid19-statistics
60653,1198,294,2020-04-30,http://www.dph.illinois.gov/covid19/covid19-statistics
60654,497,91,2020-04-30,http://www.dph.illinois.gov/covid19/covid19-statistics
60655,1058,166,2020-04-30,http://www.dph.illinois.gov/covid19/covid19-statistics
60656,963,132,2020-04-30,http://www.dph.illinois.gov/covid19/covid19-statistics
60657,1484,201,2020-04-30,http://www.dph.illinois.gov/covid19/covid19-statistics
60659,1084,362,2020-04-30,http://www.dph.illinois.gov/covid19/covid19-statistics
60660,861,222,2020-04-30,http://www.dph.illinois.gov/covid19/covid19-statistics
60661,233,24,2020-04-30,http://www.dph.illinois.gov/covid19/covid19-statistics
60706,793,153,2020-04-30,http://www.dph.illinois.gov/covid19/covid19-statistics
60707,1480,306,2020-04-30,http://www.dph.illinois.gov/covid19/covid19-statistics
60712,414,98,2020-04-30,http://www.dph.illinois.gov/covid19/covid19-statistics
60714,858,311,2020-04-30,http://www.dph.illinois.gov/covid19/covid19-statistics
60803,516,109,2020-04-30,http://www.dph.illinois.gov/covid19/covid19-statistics
60804,2741,1056,2020-04-30,http://www.dph.illinois.gov/covid19/covid19-statistics
60805,444,126,2020-04-30,http://www.dph.illinois.gov/covid19/covid19-statistics
60827,808,193,2020-04-30,http://www.dph.illinois.gov/covid19/covid19-statistics
60901,1057,201,2020-04-30,http://www.dph.illinois.gov/covid19/covid19-statistics
60914,520,61,2020-04-30,http://www.dph.illinois.gov/covid19/covid19-statistics
60915,218,19,2020-04-30,http://www.dph.illinois.gov/covid19/covid19-statistics
60950,213,18,2020-04-30,http://www.dph.illinois.gov/covid19/covid19-statistics
60954,114,11,2020-04-30,http://www.dph.illinois.gov/covid19/covid19-statistics
60958,47,8,2020-04-30,http://www.dph.illinois.gov/covid19/covid19-statistics
60964,72,9,2020-04-30,http://www.dph.illinois.gov/covid19/covid19-statistics
61008,282,81,2020-04-30,http://www.dph.illinois.gov/covid19/covid19-statistics
61016,81,13,2020-04-30,http://www.dph.illinois.gov/covid19/covid19-statistics
61021,346,15,2020-04-30,http://www.dph.illinois.gov/covid19/covid19-statistics
61032,194,30,2020-04-30,http://www.dph.illinois.gov/covid19/covid19-statistics
61065,85,12,2020-04-30,http://www.dph.illinois.gov/covid19/covid19-statistics
61068,689,95,2020-04-30,http://www.dph.illinois.gov/covid19/covid19-statistics
61071,105,19,2020-04-30,http://www.dph.illinois.gov/covid19/covid19-statistics
61073,119,9,2020-04-30,http://www.dph.illinois.gov/covid19/covid19-statistics
61080,58,7,2020-04-30,http://www.dph.illinois.gov/covid19/covid19-statistics
61081,172,46,2020-04-30,http://www.dph.illinois.gov/covid19/covid19-statistics
61101,317,47,2020-04-30,http://www.dph.illinois.gov/covid19/covid19-statistics
61102,242,48,2020-04-30,http://www.dph.illinois.gov/covid19/covid19-statistics
61103,298,40,2020-04-30,http://www.dph.illinois.gov/covid19/covid19-statistics
61104,234,53,2020-04-30,http://www.dph.illinois.gov/covid19/covid19-statistics
61107,271,30,2020-04-30,http://www.dph.illinois.gov/covid19/covid19-statistics
61108,317,72,2020-04-30,http://www.dph.illinois.gov/covid19/covid19-statistics
61109,322,55,2020-04-30,http://www.dph.illinois.gov/covid19/covid19-statistics
61111,195,17,2020-04-30,http://www.dph.illinois.gov/covid19/covid19-statistics
61114,123,22,2020-04-30,http://www.dph.illinois.gov/covid19/covid19-statistics
61115,183,18,2020-04-30,http://www.dph.illinois.gov/covid19/covid19-statistics
61201,335,91,2020-04-30,http://www.dph.illinois.gov/covid19/covid19-statistics
61235,31,7,2020-04-30,http://www.dph.illinois.gov/covid19/covid19-statistics
61240,41,6,2020-04-30,http://www.dph.illinois.gov/covid19/covid19-statistics
61241,86,13,2020-04-30,http://www.dph.illinois.gov/covid19/covid19-statistics
61244,293,106,2020-04-30,http://www.dph.illinois.gov/covid19/covid19-statistics
61252,43,7,2020-04-30,http://www.dph.illinois.gov/covid19/covid19-statistics
61264,91,14,2020-04-30,http://www.dph.illinois.gov/covid19/covid19-statistics
61265,461,115,2020-04-30,http://www.dph.illinois.gov/covid19/covid19-statistics
61275,38,7,2020-04-30,http://www.dph.illinois.gov/covid19/covid19-statistics
61282,94,25,2020-04-30,http://www.dph.illinois.gov/covid19/covid19-statistics
61342,83,14,2020-04-30,http://www.dph.illinois.gov/covid19/covid19-statistics
61356,70,6,2020-04-30,http://www.dph.illinois.gov/covid19/covid19-statistics
61401,454,40,2020-04-30,http://www.dph.illinois.gov/covid19/covid19-statistics
61443,139,9,2020-04-30,http://www.dph.illinois.gov/covid19/covid19-statistics
61455,129,14,2020-04-30,http://www.dph.illinois.gov/covid19/covid19-statistics
61462,149,57,2020-04-30,http://www.dph.illinois.gov/covid19/covid19-statistics
61554,288,10,2020-04-30,http://www.dph.illinois.gov/covid19/covid19-statistics
61603,253,9,2020-04-30,http://www.dph.illinois.gov/covid19/covid19-statistics
61604,356,16,2020-04-30,http://www.dph.illinois.gov/covid19/covid19-statistics
61611,229,16,2020-04-30,http://www.dph.illinois.gov/covid19/covid19-statistics
61614,277,27,2020-04-30,http://www.dph.illinois.gov/covid19/covid19-statistics
61615,221,14,2020-04-30,http://www.dph.illinois.gov/covid19/covid19-statistics
61701,707,34,2020-04-30,http://www.dph.illinois.gov/covid19/covid19-statistics
61704,546,18,2020-04-30,http://www.dph.illinois.gov/covid19/covid19-statistics
61705,208,8,2020-04-30,http://www.dph.illinois.gov/covid19/covid19-statistics
61761,604,22,2020-04-30,http://www.dph.illinois.gov/covid19/covid19-statistics
61764,159,8,2020-04-30,http://www.dph.illinois.gov/covid19/covid19-statistics
61801,341,17,2020-04-30,http://www.dph.illinois.gov/covid19/covid19-statistics
61802,358,21,2020-04-30,http://www.dph.illinois.gov/covid19/covid19-statistics
61820,313,13,2020-04-30,http://www.dph.illinois.gov/covid19/covid19-statistics
61821,489,16,2020-04-30,http://www.dph.illinois.gov/covid19/covid19-statistics
61822,383,28,2020-04-30,http://www.dph.illinois.gov/covid19/covid19-statistics
61832,315,10,2020-04-30,http://www.dph.illinois.gov/covid19/covid19-statistics
61853,214,9,2020-04-30,http://www.dph.illinois.gov/covid19/covid19-statistics
61866,241,9,2020-04-30,http://www.dph.illinois.gov/covid19/covid19-statistics
61874,128,6,2020-04-30,http://www.dph.illinois.gov/covid19/covid19-statistics
61910,46,6,2020-04-30,http://www.dph.illinois.gov/covid19/covid19-statistics
61920,134,10,2020-04-30,http://www.dph.illinois.gov/covid19/covid19-statistics
61938,175,9,2020-04-30,http://www.dph.illinois.gov/covid19/covid19-statistics
62002,179,47,2020-04-30,http://www.dph.illinois.gov/covid19/covid19-statistics
62010,39,8,2020-04-30,http://www.dph.illinois.gov/covid19/covid19-statistics
62024,27,7,2020-04-30,http://www.dph.illinois.gov/covid19/covid19-statistics
62025,363,94,2020-04-30,http://www.dph.illinois.gov/covid19/covid19-statistics
62034,72,32,2020-04-30,http://www.dph.illinois.gov/covid19/covid19-statistics
62035,59,11,2020-04-30,http://www.dph.illinois.gov/covid19/covid19-statistics
62040,270,51,2020-04-30,http://www.dph.illinois.gov/covid19/covid19-statistics
62052,52,9,2020-04-30,http://www.dph.illinois.gov/covid19/covid19-statistics
62056,114,9,2020-04-30,http://www.dph.illinois.gov/covid19/covid19-statistics
62060,42,9,2020-04-30,http://www.dph.illinois.gov/covid19/covid19-statistics
62069,51,7,2020-04-30,http://www.dph.illinois.gov/covid19/covid19-statistics
62088,177,6,2020-04-30,http://www.dph.illinois.gov/covid19/covid19-statistics
62090,13,7,2020-04-30,http://www.dph.illinois.gov/covid19/covid19-statistics
62095,64,9,2020-04-30,http://www.dph.illinois.gov/covid19/covid19-statistics
62201,36,10,2020-04-30,http://www.dph.illinois.gov/covid19/covid19-statistics
62203,42,17,2020-04-30,http://www.dph.illinois.gov/covid19/covid19-statistics
62204,42,19,2020-04-30,http://www.dph.illinois.gov/covid19/covid19-statistics
62205,49,17,2020-04-30,http://www.dph.illinois.gov/covid19/covid19-statistics
62206,210,42,2020-04-30,http://www.dph.illinois.gov/covid19/covid19-statistics
62207,49,26,2020-04-30,http://www.dph.illinois.gov/covid19/covid19-statistics
62208,110,34,2020-04-30,http://www.dph.illinois.gov/covid19/covid19-statistics
62220,124,48,2020-04-30,http://www.dph.illinois.gov/covid19/covid19-statistics
62221,139,38,2020-04-30,http://www.dph.illinois.gov/covid19/covid19-statistics
62223,78,30,2020-04-30,http://www.dph.illinois.gov/covid19/covid19-statistics
62226,351,69,2020-04-30,http://www.dph.illinois.gov/covid19/covid19-statistics
62230,50,6,2020-04-30,http://www.dph.illinois.gov/covid19/covid19-statistics
62231,196,51,2020-04-30,http://www.dph.illinois.gov/covid19/covid19-statistics
62232,34,6,2020-04-30,http://www.dph.illinois.gov/covid19/covid19-statistics
62233,190,56,2020-04-30,http://www.dph.illinois.gov/covid19/covid19-statistics
62234,154,29,2020-04-30,http://www.dph.illinois.gov/covid19/covid19-statistics
62236,87,33,2020-04-30,http://www.dph.illinois.gov/covid19/covid19-statistics
62239,18,6,2020-04-30,http://www.dph.illinois.gov/covid19/covid19-statistics
62249,74,10,2020-04-30,http://www.dph.illinois.gov/covid19/covid19-statistics
62254,58,13,2020-04-30,http://www.dph.illinois.gov/covid19/covid19-statistics
62257,23,6,2020-04-30,http://www.dph.illinois.gov/covid19/covid19-statistics
62258,62,13,2020-04-30,http://www.dph.illinois.gov/covid19/covid19-statistics
62265,34,8,2020-04-30,http://www.dph.illinois.gov/covid19/covid19-statistics
62269,166,42,2020-04-30,http://www.dph.illinois.gov/covid19/covid19-statistics
62272,57,36,2020-04-30,http://www.dph.illinois.gov/covid19/covid19-statistics
62278,67,14,2020-04-30,http://www.dph.illinois.gov/covid19/covid19-statistics
62285,24,6,2020-04-30,http://www.dph.illinois.gov/covid19/covid19-statistics
62286,108,19,2020-04-30,http://www.dph.illinois.gov/covid19/covid19-statistics
62288,74,21,2020-04-30,http://www.dph.illinois.gov/covid19/covid19-statistics
62294,57,13,2020-04-30,http://www.dph.illinois.gov/covid19/covid19-statistics
62295,11,6,2020-04-30,http://www.dph.illinois.gov/covid19/covid19-statistics
62298,89,30,2020-04-30,http://www.dph.illinois.gov/covid19/covid19-statistics
62301,220,19,2020-04-30,http://www.dph.illinois.gov/covid19/covid19-statistics
62305,88,15,2020-04-30,http://www.dph.illinois.gov/covid19/covid19-statistics
62448,164,39,2020-04-30,http://www.dph.illinois.gov/covid19/covid19-statistics
62454,80,7,2020-04-30,http://www.dph.illinois.gov/covid19/covid19-statistics
62471,88,15,2020-04-30,http://www.dph.illinois.gov/covid19/covid19-statistics
62521,445,69,2020-04-30,http://www.dph.illinois.gov/covid19/covid19-statistics
62522,69,16,2020-04-30,http://www.dph.illinois.gov/covid19/covid19-statistics
62526,166,18,2020-04-30,http://www.dph.illinois.gov/covid19/covid19-statistics
62565,42,7,2020-04-30,http://www.dph.illinois.gov/covid19/covid19-statistics
62568,155,25,2020-04-30,http://www.dph.illinois.gov/covid19/covid19-statistics
62618,235,30,2020-04-30,http://www.dph.illinois.gov/covid19/covid19-statistics
62629,127,7,2020-04-30,http://www.dph.illinois.gov/covid19/covid19-statistics
62650,208,18,2020-04-30,http://www.dph.illinois.gov/covid19/covid19-statistics
62656,225,7,2020-04-30,http://www.dph.illinois.gov/covid19/covid19-statistics
62664,36,7,2020-04-30,http://www.dph.illinois.gov/covid19/covid19-statistics
62684,116,55,2020-04-30,http://www.dph.illinois.gov/covid19/covid19-statistics
62702,455,36,2020-04-30,http://www.dph.illinois.gov/covid19/covid19-statistics
62703,321,20,2020-04-30,http://www.dph.illinois.gov/covid19/covid19-statistics
62704,443,18,2020-04-30,http://www.dph.illinois.gov/covid19/covid19-statistics
62707,94,9,2020-04-30,http://www.dph.illinois.gov/covid19/covid19-statistics
62711,169,12,2020-04-30,http://www.dph.illinois.gov/covid19/covid19-statistics
62801,373,44,2020-04-30,http://www.dph.illinois.gov/covid19/covid19-statistics
62832,124,10,2020-04-30,http://www.dph.illinois.gov/covid19/covid19-statistics
62864,428,73,2020-04-30,http://www.dph.illinois.gov/covid19/covid19-statistics
62901,323,65,2020-04-30,http://www.dph.illinois.gov/covid19/covid19-statistics
62902,52,7,2020-04-30,http://www.dph.illinois.gov/covid19/covid19-statistics
62907,21,6,2020-04-30,http://www.dph.illinois.gov/covid19/covid19-statistics
62918,98,8,2020-04-30,http://www.dph.illinois.gov/covid19/covid19-statistics
62920,43,9,2020-04-30,http://www.dph.illinois.gov/covid19/covid19-statistics
62959,375,15,2020-04-30,http://www.dph.illinois.gov/covid19/covid19-statistics
62966,182,25,2020-04-30,http://www.dph.illinois.gov/covid19/covid19-statistics
62992,40,15,2020-04-30,http://www.dph.illinois.gov/covid19/covid19-statistics
